Location;Extensions
Brasil;423601
Brasil;423602
Brasil;423603
Brasil;423604
Brasil;423605
Brasil;423606
Brasil;423607
Brasil;423608
Brasil;423609
Brasil;423610
Brasil;423611
Brasil;423612
Brasil;423613
Brasil;423614
Brasil;423615
Brasil;423616
Brasil;423617
Brasil;423618
Brasil;423619
Brasil;423620
Brasil;423621
Brasil;423622
Brasil;423623
Brasil;423624
Brasil;423625
Brasil;423626
Brasil;423627
Brasil;423628
Brasil;423629
Brasil;423630
Brasil;423631
Brasil;423632
Brasil;423633
Brasil;423634
Brasil;423635
Brasil;423636
Brasil;423637
Brasil;423638
Brasil;423639
Brasil;423640
Brasil;423641
Brasil;423642
Brasil;423643
Brasil;423644
Brasil;423645
Brasil;423646
Brasil;423647
Brasil;423648
Brasil;423649
Brasil;423650
Brasil;423651
Brasil;423652
Brasil;423653
Brasil;423654
Brasil;423655
Brasil;423656
Brasil;423657
Brasil;423658
Brasil;423659
Brasil;423660
Brasil;423661
Brasil;423662
Brasil;423663
Brasil;423664
Brasil;423665
Brasil;423666
Brasil;423667
Brasil;423668
Brasil;423669
Brasil;423670
Brasil;423671
Brasil;423672
Brasil;423673
Brasil;423674
Brasil;423675
Brasil;423676
Brasil;423677
Brasil;423678
Brasil;423679
Brasil;423680
Brasil;423681
Brasil;423682
Brasil;423683
Brasil;423684
Brasil;423685
Brasil;423686
Brasil;423687
Brasil;423688
Brasil;423689
Brasil;423690
Brasil;423691
Brasil;423692
Brasil;423693
Brasil;423694
Brasil;423695
Brasil;423696
Brasil;423697
Brasil;423698
Brasil;423699
China;600301
China;600303
China;600306
China;600317
China;600365
China;600404
China;600411
China;600412
China;600426
China;600434
China;600447
China;600470
China;600471
China;600493
China;600522
China;600530
China;600532
China;600536
China;600537
China;600538
China;600539
China;600540
China;600541
China;600542
China;600543
China;600544
China;600545
China;600548
China;600549
China;600550
China;600551
China;600552
China;600554
China;600555
China;600556
China;600557
China;600558
China;600559
China;600560
China;600561
China;600562
China;600563
China;600564
China;600565
China;600567
China;600568
China;600569
China;600570
China;607003
China;607006
China;607008
China;607009
China;607010
China;607012
China;607013
China;607014
China;607017
China;607018
China;607021
China;607022
China;607024
China;607026
China;607028
China;607030
China;607031
China;607032
China;607033
China;607034
China;607035
China;607036
China;607043
China;607044
China;607046
China;607047
China;607052
China;607057
China;607059
China;607060
China;607061
China;607062
China;607064
China;607067
China;607069
China;607071
China;607072
China;607074
China;607081
China;607091
China;607099
China;607103
China;607104
China;607105
China;607107
China;607109
China;607112
China;607113
China;607119
China;607120
China;607121
China;607122
China;607128
China;607129
China;607130
China;607134
China;607135
China;607139
China;607140
China;607142
China;607143
China;607144
China;607147
China;607148
China;607149
China;607150
China;607153
China;607154
China;607155
China;607157
China;607158
China;607163
China;607167
China;607170
China;607174
China;607179
China;607181
China;607182
China;607183
China;607185
China;607187
China;607188
China;607189
China;607190
China;607191
China;607193
China;607194
China;607195
China;607197
China;607198
China;607199
China;607200
China;607201
China;607202
China;607203
China;607204
China;607205
China;607207
China;607214
China;607216
China;607220
China;607221
China;607223
China;607224
China;607229
China;607232
China;607234
China;607236
China;607238
China;607240
China;607241
China;607244
China;607245
China;607252
China;607254
China;607255
China;607256
China;607259
China;607260
China;607263
China;607264
China;607270
China;607273
China;607274
China;607276
China;607280
China;607282
China;607283
China;607284
China;607285
China;607287
China;607289
China;607290
China;607291
Czech Republic;270120
Czech Republic;270129
Czech Republic;270132
Czech Republic;270136
Czech Republic;270148
Czech Republic;270149
Czech Republic;270157
Czech Republic;270178
Czech Republic;270191
Czech Republic;270214
Czech Republic;270216
Czech Republic;270221
Czech Republic;270227
Czech Republic;270231
Czech Republic;270234
Czech Republic;270237
Czech Republic;270250
Czech Republic;270252
Czech Republic;270257
Czech Republic;270262
Czech Republic;270281
Czech Republic;270634
Czech Republic;270694
Netherlands;202212
Netherlands;202300
Netherlands;202332
Netherlands;202382
Netherlands;202401
Netherlands;202402
Netherlands;202403
Netherlands;202407
Netherlands;202412
Netherlands;202415
Netherlands;202416
Netherlands;202421
Netherlands;202422
Netherlands;202425
Netherlands;202429
Netherlands;202432
Netherlands;202434
Netherlands;202435
Netherlands;202439
Netherlands;202440
Netherlands;202441
Netherlands;202442
Netherlands;202446
Netherlands;202449
Netherlands;202453
Netherlands;202457
Netherlands;202464
Netherlands;202469
Netherlands;202482
Netherlands;202486
Netherlands;202494
Netherlands;202496
Netherlands;202504
Netherlands;202507
Netherlands;202508
Netherlands;202511
Netherlands;202512
Netherlands;202514
Netherlands;202517
Netherlands;202519
Netherlands;202520
Netherlands;202543
Netherlands;202546
Netherlands;202550
Netherlands;202552
Netherlands;202563
Netherlands;202565
Netherlands;202569
Netherlands;202571
Netherlands;202576
Netherlands;202579
Netherlands;202581
Netherlands;202587
Netherlands;202598
Netherlands;202600
Netherlands;202604
Netherlands;202607
Netherlands;202608
Netherlands;202610
Netherlands;202611
Netherlands;202612
Netherlands;202613
Netherlands;202614
Netherlands;202616
Netherlands;202621
Netherlands;202623
Netherlands;202629
Netherlands;202631
Netherlands;202635
Netherlands;202636
Netherlands;202647
Netherlands;202648
Netherlands;202652
Netherlands;202654
Netherlands;202655
Netherlands;202657
Netherlands;202659
Netherlands;202662
Netherlands;202665
Netherlands;202672
Netherlands;202675
Netherlands;202677
Netherlands;202679
Netherlands;202681
Netherlands;202683
Netherlands;202684
Netherlands;202686
Netherlands;202688
Netherlands;202689
Netherlands;202691
Netherlands;202694
Netherlands;202695
Netherlands;202699
Netherlands;202700
Netherlands;202701
Netherlands;202704
Netherlands;202706
Netherlands;202707
Netherlands;202710
Netherlands;202711
Netherlands;202717
Netherlands;202719
Netherlands;202726
Netherlands;202729
Netherlands;202734
Netherlands;202737
Netherlands;202743
Netherlands;202745
Netherlands;202746
Netherlands;202756
Netherlands;202757
Netherlands;202764
Netherlands;202766
Netherlands;202767
Netherlands;202772
Netherlands;202775
Netherlands;202777
Netherlands;202779
Netherlands;202787
Netherlands;202788
Netherlands;202791
Netherlands;202792
Netherlands;202793
Netherlands;202796
Netherlands;202797
Netherlands;202809
Netherlands;202810
Netherlands;202812
Netherlands;202814
Netherlands;202818
Netherlands;202823
Netherlands;202824
Netherlands;202827
Netherlands;202829
Netherlands;202831
Netherlands;202833
Netherlands;202834
Netherlands;202839
Netherlands;202840
Netherlands;202842
Netherlands;202843
Netherlands;202850
Netherlands;202852
Netherlands;202853
Netherlands;202858
Netherlands;202867
Netherlands;202870
Netherlands;202871
Netherlands;202872
Netherlands;202873
Netherlands;202875
Netherlands;202876
Netherlands;202877
Netherlands;202880
Netherlands;202882
Netherlands;202888
Netherlands;202889
Netherlands;202891
Netherlands;202892
Netherlands;202893
Netherlands;202899
Netherlands;202900
Netherlands;202903
Netherlands;202906
Netherlands;202908
Netherlands;202912
Netherlands;202915
Netherlands;202919
Netherlands;202926
Netherlands;202927
Netherlands;202929
Netherlands;202935
Netherlands;202940
Netherlands;202941
Netherlands;202942
Netherlands;202944
Netherlands;202945
Netherlands;202947
Netherlands;202951
Netherlands;202956
Netherlands;202958
Netherlands;202959
Netherlands;202960
Netherlands;202961
Netherlands;202964
Netherlands;202965
Netherlands;202971
Netherlands;202975
Netherlands;202976
Netherlands;202979
Netherlands;202982
Netherlands;202983
Netherlands;202985
Netherlands;202989
Netherlands;202990
Netherlands;202991
Netherlands;202993
Netherlands;202995
Netherlands;202997
Netherlands;202999
Netherlands;203008
Netherlands;203009
Netherlands;203010
Netherlands;203011
Netherlands;203012
Netherlands;203013
Netherlands;203016
Netherlands;203019
Netherlands;203023
Netherlands;203026
Netherlands;203027
Netherlands;203028
Netherlands;203029
Netherlands;203031
Netherlands;203033
Netherlands;203034
Netherlands;203035
Netherlands;203036
Netherlands;203039
Netherlands;203040
Netherlands;203041
Netherlands;203043
Netherlands;203044
Netherlands;203045
Netherlands;203046
Netherlands;203047
Netherlands;203048
Netherlands;203050
Netherlands;203051
Netherlands;203052
Netherlands;203059
Netherlands;203060
Netherlands;203061
Netherlands;203062
Netherlands;203064
Netherlands;203066
Netherlands;203071
Netherlands;203072
Netherlands;203074
Netherlands;203075
Netherlands;203076
Netherlands;203077
Netherlands;203078
Netherlands;203079
Netherlands;203083
Netherlands;203085
Netherlands;203086
Netherlands;203087
Netherlands;203090
Netherlands;203091
Netherlands;203092
Netherlands;203093
Netherlands;203094
Netherlands;203095
Netherlands;203096
Netherlands;203097
Netherlands;203098
Netherlands;203101
Netherlands;203104
Netherlands;203105
Netherlands;203109
Netherlands;203111
Netherlands;203113
Netherlands;203114
Netherlands;203116
Netherlands;203117
Netherlands;203119
Netherlands;203121
Netherlands;203123
Netherlands;203124
Netherlands;203126
Netherlands;203127
Netherlands;203128
Netherlands;203129
Netherlands;203131
Netherlands;203132
Netherlands;203135
Netherlands;203137
Netherlands;203138
Netherlands;203139
Netherlands;203140
Netherlands;203141
Netherlands;203143
Netherlands;203145
Netherlands;203147
Netherlands;203148
Netherlands;203151
Netherlands;203154
Netherlands;203157
Netherlands;203158
Netherlands;203159
Netherlands;203160
Netherlands;203162
Netherlands;203165
Netherlands;203166
Netherlands;203167
Netherlands;203168
Netherlands;203170
Netherlands;203171
Netherlands;203173
Netherlands;203174
Netherlands;203175
Netherlands;203176
Netherlands;203179
Netherlands;203182
Netherlands;203183
Netherlands;203184
Netherlands;203185
Netherlands;203186
Netherlands;203187
Netherlands;203188
Netherlands;203190
Netherlands;203192
Netherlands;203193
Netherlands;203195
Netherlands;203196
Netherlands;203197
Netherlands;203200
Netherlands;203202
Netherlands;203203
Netherlands;203207
Netherlands;203212
Netherlands;203215
Netherlands;203217
Netherlands;203219
Netherlands;203221
Netherlands;203224
Netherlands;203226
Netherlands;203227
Netherlands;203228
Netherlands;203229
Netherlands;203231
Netherlands;203234
Netherlands;203238
Netherlands;203240
Netherlands;203241
Netherlands;203242
Netherlands;203245
Netherlands;203248
Netherlands;203249
Netherlands;203251
Netherlands;203252
Netherlands;203254
Netherlands;203256
Netherlands;203259
Netherlands;203262
Netherlands;203266
Netherlands;203268
Netherlands;203271
Netherlands;203273
Netherlands;203280
Netherlands;203282
Netherlands;203283
Netherlands;203288
Netherlands;203291
Netherlands;203298
Netherlands;203305
Netherlands;203307
Netherlands;203310
Netherlands;203311
Netherlands;203312
Netherlands;203315
Netherlands;203317
Netherlands;203318
Netherlands;203325
Netherlands;203327
Netherlands;203329
Netherlands;203332
Netherlands;203336
Netherlands;203337
Netherlands;203338
Netherlands;203345
Netherlands;203348
Netherlands;203350
Netherlands;203351
Netherlands;203352
Netherlands;203354
Netherlands;203356
Netherlands;203357
Netherlands;203362
Netherlands;203363
Netherlands;203368
Netherlands;203374
Netherlands;203383
Netherlands;203384
Netherlands;203393
Netherlands;203394
Netherlands;203395
Netherlands;203396
Netherlands;203399
Netherlands;203405
Netherlands;203406
Netherlands;203407
Netherlands;203409
Netherlands;203412
Netherlands;203413
Netherlands;203414
Netherlands;203416
Netherlands;203419
Netherlands;203420
Netherlands;203421
Netherlands;203423
Netherlands;203424
Netherlands;203426
Netherlands;203429
Netherlands;203430
Netherlands;203431
Netherlands;203432
Netherlands;203433
Netherlands;203434
Netherlands;203435
Netherlands;203438
Netherlands;203439
Netherlands;203441
Netherlands;203444
Netherlands;203445
Netherlands;203447
Singapore;610004
Singapore;610010
Singapore;610014
Singapore;610015
Singapore;610016
Singapore;610101
Singapore;610103
Singapore;610110
Singapore;610112
Singapore;610114
Singapore;610115
Singapore;610116
Singapore;610118
United States;401014
United States;401023
United States;401024
United States;401027
United States;401029
United States;401030
United States;401031
United States;401037
United States;401038
United States;401039
United States;401043
United States;401044
United States;401045
United States;401047
United States;401048
United States;401050
United States;401051
United States;401053
United States;401055
United States;401058
United States;401059
United States;401060
United States;401061
United States;401062
United States;401063
United States;401064
United States;401065
United States;401066
